,title,playtime,views
0,[님아 그 시장을 가오_EP. 09_상주] 요즘 세상에 이런 해장국 또 없습니다! 86년 간 3대에 걸쳐 상주의 아침을 책임진 시래기해장국집.,13:10,조회수 91만회
1,삼척 문어 한 상! ‘맛과 향이 있는 집’ 근황,SHORTS,조회수 27만회
2,[님아 그 시장을 가오_EP. 08_담양] “사장님! 3인분 더 포장해주세요~” 이거이거 내장러버 환장합니다... 국물보다 막창이 더 많은 찐 막창전골!,12:50,조회수 173만회
3,[님아 그 시장을 가오_EP. 07_동해] 강원도에서 찾은 내 고향의 맛?! 작년에 먹은 술까지 풀리는 '게'진한 꽃게해장국!,15:20,조회수 118만회
4,"[님아 그 시장을 가오_EP. 06_삼척]""오늘 제 생일인가요?"" 이제부터 생일에 이거 먹겠습니다. 굴김치 3층 탑으로 시작하는 묵직한 삼척 문어 한상 차림!",16:19,조회수 219만회
5,음성 4000원 돼지국밥 '토종마을' 근황,SHORTS,조회수 46만회
6,[님아 그 시장을 가오_EP. 05_경산] 여기 올 땐 하나만 주의하세요! 국자는 사장님만 만질 수 있습니다. 점심 먹으러 왔다가 저절로 소주 찾게 되는 돼지찌개집!,18:56,조회수 188만회
7,곡성 콩국수집 청보석 근황,SHORTS,조회수 77만회
8,[님아 그 시장을 가오_EP. 04_음성] “저희는 남길 생각 없어요!” 이 정도면 장사가 아니라 봉사입니다. 인근 학생 수천 명은 키워낸 단돈 4000원 돼지국밥집.,13:48,조회수 226만회
9,군위 시장닭발 근황#shorts,SHORTS,조회수 149만회
10,[님아 그 시장을 가오_EP. 03_청도]국밥 없는 국밥집,14:25,조회수 252만회
11,[님아 그 시장을 가오_EP. 02_군위] 지금 아니면 못 먹습니다. 화끈한 성격의 사장님이 제대로 불맛 입힌 연탄닭구이집!,18:13,조회수 177만회
12,"[님아 그 시장을 가오_EP. 01_곡성] ""백종원이 누군디?"" 백종원을 모르는 순수한 사장님의 찐한 콩국수집",12:46,조회수 290만회
13,님아 그 시장을 가오,5:15,조회수 23만회
14,이거 먹으려고 3시간 기다렸다,7:02,조회수 32만회
15,캠핑에서 제일 만만한 고추장찌개,5:37,조회수 22만회
16,제작진놈들의 계속되는 캠핑 강행군에 탈출을 시도하는 도시러버 백종원의 모습입니다,6:45,조회수 24만회
17,명란대첩 │ 나에게는 아직 12개의 명란이 남아 있쥬~ 부럽쥬?,8:22,조회수 22만회
18,백종원 광고 단가 수준,SHORTS,조회수 157만회
19,초코파이탕,4:06,조회수 46만회
20,"방년 11세 소년 백종원, 고등어통조림조림을 만들다",13:28,조회수 13만회
21,"무한동력, 드디어 발견했다! 무한정 들어가는 하이볼+명란 구이로 완성한 무한 음주 공식!",7:47,조회수 56만회
22,밥 먹고 바로 빵 먹기 가능? 제대로 끝장 보는 백종원식 풀소유 캠핑 먹부림!,7:45,조회수 13만회
23,집종원은 사실 캠핑이 체질? 나 분명 캠핑 싫어하는데 왜 이렇게 잘해!,10:22,조회수 29만회
24,나이트에서 짝 찾으려다 맥주만 짝으로 먹고 온 썰,SHORTS,조회수 16만회
25,🦆: 여보 여기 있던 내 알 못 봤어요?│메추리알 장조림,6:11,조회수 37만회
26,백종원식 불먹,SHORTS,조회수 84만회
27,🍅케첩이 된 멋쟁이 토마토! 나폴리탄으로 업그레이드해줬습니다!🍅,8:13,조회수 15만회
28,오늘따라 야장 가고 싶네... 청양고추 잔뜩 넣은 번데기탕에 감귤 향 터지는 미상 한 병? 오늘 나 집에 안 가!,6:44,조회수 12만회
29,[제1회 주주총회_EP.3]드디어 증류주 먹는다!🍶 자기야! 내가 원했던 게 이거자나!🙌 취기를 빌려 고백하는 주당들의 술 취향까지😚,9:23,조회수 6.1만회
